set,instance,command,mean_s,stddev_s,median_s,min_s,max_s,user_s,system_s,runs,counted_files,counted_lines,lines_per_sec,parallelism,lines_per_cpu_s
control-end,thecount,"""/Users/jimmyhmiller/Library/Application Support/linebench/counters/given/thecount/thecount"" ""/Users/jimmyhmiller/Library/Application Support/linebench/corpora/linux""",1.789581,0.060154,1.782242,1.710344,1.911785,1.837788,4.974004,10,,,,3.81,
control-start,thecount,"""/Users/jimmyhmiller/Library/Application Support/linebench/counters/given/thecount/thecount"" ""/Users/jimmyhmiller/Library/Application Support/linebench/corpora/linux""",1.655118,0.045853,1.653327,1.577501,1.709322,1.747793,4.814676,10,,,,3.96,
t1-fwd,thecount,"""/Users/jimmyhmiller/Library/Application Support/linebench/counters/given/thecount/thecount"" ""/Users/jimmyhmiller/Library/Application Support/linebench/corpora/linux"" --extensions c,h,s,asm,py,pl,pm,rs,sh --hidden --no-ignore",1.372816,0.100962,1.34061,1.256229,1.53819,1.373502,4.051,10,63726,36017734,26236397,3.95,6639824
t1-fwd,mezura,"""/Users/jimmyhmiller/Library/Application Support/linebench/counters/mezura"" ""/Users/jimmyhmiller/Library/Application Support/linebench/corpora/linux"" --languages c,h,s,asm,py,pl,pm,rs,sh --no-gitignore --no-ignore-files --search-in-dotted --no-local --no-default-config --hide keywords --count-minified --count-generated --count-not-code --counting region --no-shebang",3.447704,0.161293,3.386748,3.199303,3.736423,1.230684,29.511955,10,63726,36017734,10446875,8.92,1171589
t1-rev,mezura,"""/Users/jimmyhmiller/Library/Application Support/linebench/counters/mezura"" ""/Users/jimmyhmiller/Library/Application Support/linebench/corpora/linux"" --languages c,h,s,asm,py,pl,pm,rs,sh --no-gitignore --no-ignore-files --search-in-dotted --no-local --no-default-config --hide keywords --count-minified --count-generated --count-not-code --counting region --no-shebang",3.482283,0.162965,3.510527,3.192464,3.674445,1.2431,32.76675,10,63726,36017734,10343138,9.77,1059038
t1-rev,thecount,"""/Users/jimmyhmiller/Library/Application Support/linebench/counters/given/thecount/thecount"" ""/Users/jimmyhmiller/Library/Application Support/linebench/corpora/linux"" --extensions c,h,s,asm,py,pl,pm,rs,sh --hidden --no-ignore",1.32496,0.103499,1.340728,1.172559,1.500529,1.373526,3.873984,10,63726,36017734,27184006,3.96,6863776
t2-fwd,thecount,"""/Users/jimmyhmiller/Library/Application Support/linebench/counters/given/thecount/thecount"" ""/Users/jimmyhmiller/Library/Application Support/linebench/corpora/linux""",1.530963,0.08395,1.518663,1.431258,1.68532,1.743032,4.326318,10,77874,38187837,24943666,3.96,6291915
t2-fwd,mezura,"""/Users/jimmyhmiller/Library/Application Support/linebench/counters/mezura"" ""/Users/jimmyhmiller/Library/Application Support/linebench/corpora/linux""",3.224568,0.19916,3.280249,2.832076,3.487337,1.603291,29.175324,10,66527,35815753,11107146,9.55,1163657
t2-rev,mezura,"""/Users/jimmyhmiller/Library/Application Support/linebench/counters/mezura"" ""/Users/jimmyhmiller/Library/Application Support/linebench/corpora/linux""",3.24401,0.292618,3.12777,2.887283,3.629256,1.602693,30.129954,10,66527,35815753,11040579,9.78,1128672
t2-rev,thecount,"""/Users/jimmyhmiller/Library/Application Support/linebench/counters/given/thecount/thecount"" ""/Users/jimmyhmiller/Library/Application Support/linebench/corpora/linux""",1.890829,0.104696,1.860688,1.702427,2.050024,1.862531,5.367921,10,77874,38187837,20196341,3.82,5281528
